<?xml version="1.0" encoding="UTF-8"?>
<!-- written by WED 2.5.2r1 -->
<doc>
  <objects>
    <object class="WED_FacadeNode" id="175" parent_id="160">
      <children/>
      <hierarchy name="Node 14" locked="0" hidden="0"/>
      <point latitude="45.740219900" longitude="8.571771474" split="0" ctrl_latitude_lo="0.0" ctrl_longitude_lo="0.0" ctrl_latitude_hi="0.0" ctrl_longitude_hi="0.0"/>
      <facade_node wall_type="Wall 1"/>
    </object>
    <object class="WED_ObjPlacement" id="78" parent_id="4">
      <children/>
      <hierarchy name="police_car.obj" locked="0" hidden="0"/>
      <point latitude="45.740166103" longitude="8.572274705" heading="133.36"/>
      <obj_placement custom_msl="0" msl="0.0" resource="lib/cars/police_car.obj" show_level="1 Default"/>
    </object>
    <object class="WED_ExclusionZone" id="154" parent_id="4">
      <children>
        <child id="155"/>
        <child id="156"/>
      </children>
      <hierarchy name="Exclusion Zone 10" locked="1" hidden="0"/>
      <excluzions>
        <exclusion value="Objects"/>
        <exclusion value="Forests"/>
      </excluzions>
    </object>
    <object class="WED_FacadeNode" id="174" parent_id="160">
      <children/>
      <hierarchy name="Node 13" locked="0" hidden="0"/>
      <point latitude="45.739322214" longitude="8.572609421" split="0" ctrl_latitude_lo="0.0" ctrl_longitude_lo="0.0" ctrl_latitude_hi="0.0" ctrl_longitude_hi="0.0"/>
      <facade_node wall_type="Wall 1"/>
    </object>
    <object class="WED_ObjPlacement" id="77" parent_id="4">
      <children/>
      <hierarchy name="car_or_truck_static.obj" locked="0" hidden="0"/>
      <point latitude="45.738684079" longitude="8.574025433" heading="-43.78"/>
      <obj_placement custom_msl="0" msl="0.0" resource="lib/cars/car_or_truck_static.obj" show_level="1 Default"/>
    </object>
    <object class="WED_FacadeNode" id="173" parent_id="160">
      <children/>
      <hierarchy name="Node 12" locked="0" hidden="0"/>
      <point latitude="45.738994568" longitude="8.571888123" split="0" ctrl_latitude_lo="0.0" ctrl_longitude_lo="0.0" ctrl_latitude_hi="0.0" ctrl_longitude_hi="0.0"/>
      <facade_node wall_type="Wall 1"/>
    </object>
    <object class="WED_ObjPlacement" id="76" parent_id="4">
      <children/>
      <hierarchy name="car.obj" locked="0" hidden="0"/>
      <point latitude="45.739434664" longitude="8.573086218" heading="-37.66"/>
      <obj_placement custom_msl="0" msl="0.0" resource="lib/cars/car.obj" show_level="1 Default"/>
    </object>
    <object class="WED_FacadeNode" id="172" parent_id="160">
      <children/>
      <hierarchy name="Node 11" locked="0" hidden="0"/>
      <point latitude="45.737547354" longitude="8.573174975" split="0" ctrl_latitude_lo="0.0" ctrl_longitude_lo="0.0" ctrl_latitude_hi="0.0" ctrl_longitude_hi="0.0"/>
      <facade_node wall_type="Wall 1"/>
    </object>
    <object class="WED_RoadNode" id="75" parent_id="4">
      <viewers>
        <viewer id="60"/>
      </viewers>
      <children/>
      <hierarchy name="N_stop" locked="0" hidden="0"/>
      <point latitude="45.740245838" longitude="8.571747626"/>
    </object>
    <object class="WED_FacadeNode" id="171" parent_id="160">
      <children/>
      <hierarchy name="Node 10" locked="0" hidden="0"/>
      <point latitude="45.737201709" longitude="8.572431797" split="0" ctrl_latitude_lo="0.0" ctrl_longitude_lo="0.0" ctrl_latitude_hi="0.0" ctrl_longitude_hi="0.0"/>
      <facade_node wall_type="Wall 1"/>
    </object>
    <object class="WED_FacadeNode" id="170" parent_id="160">
      <children/>
      <hierarchy name="Node 9" locked="0" hidden="0"/>
      <point latitude="45.743049852" longitude="8.567308706" split="0" ctrl_latitude_lo="0.0" ctrl_longitude_lo="0.0" ctrl_latitude_hi="0.0" ctrl_longitude_hi="0.0"/>
      <facade_node wall_type="Wall 1"/>
    </object>
    <object class="WED_FacadeNode" id="169" parent_id="160">
      <children/>
      <hierarchy name="Node 8" locked="0" hidden="0"/>
      <point latitude="45.743232605" longitude="8.567155509" split="0" ctrl_latitude_lo="0.0" ctrl_longitude_lo="0.0" ctrl_latitude_hi="0.0" ctrl_longitude_hi="0.0"/>
      <facade_node wall_type="Wall 1"/>
    </object>
    <object class="WED_SimpleBezierBoundaryNode" id="72" parent_id="60">
      <children/>
      <hierarchy name="Shape Point" locked="0" hidden="0"/>
      <point latitude="45.740281431" longitude="8.572066342" split="0" ctrl_latitude_lo="0.0" ctrl_longitude_lo="0.0" ctrl_latitude_hi="0.0" ctrl_longitude_hi="0.0"/>
    </object>
    <object class="WED_FacadeNode" id="168" parent_id="160">
      <children/>
      <hierarchy name="Node 7" locked="0" hidden="0"/>
      <point latitude="45.743455096" longitude="8.567711534" split="0" ctrl_latitude_lo="0.0" ctrl_longitude_lo="0.0" ctrl_latitude_hi="0.0" ctrl_longitude_hi="0.0"/>
      <facade_node wall_type="Wall 1"/>
    </object>
    <object class="WED_SimpleBezierBoundaryNode" id="71" parent_id="60">
      <children/>
      <hierarchy name="Shape Point" locked="0" hidden="0"/>
      <point latitude="45.740244803" longitude="8.572199488" split="0" ctrl_latitude_lo="0.0" ctrl_longitude_lo="0.0" ctrl_latitude_hi="0.0" ctrl_longitude_hi="0.0"/>
    </object>
    <object class="WED_FacadeNode" id="167" parent_id="160">
      <children/>
      <hierarchy name="Node 6" locked="0" hidden="0"/>
      <point latitude="45.743335911" longitude="8.568012247" split="0" ctrl_latitude_lo="0.0" ctrl_longitude_lo="0.0" ctrl_latitude_hi="0.0" ctrl_longitude_hi="0.0"/>
      <facade_node wall_type="Wall 1"/>
    </object>
    <object class="WED_SimpleBezierBoundaryNode" id="70" parent_id="60">
      <children/>
      <hierarchy name="Shape Point" locked="0" hidden="0"/>
      <point latitude="45.740071649" longitude="8.572422982" split="0" ctrl_latitude_lo="0.0" ctrl_longitude_lo="0.0" ctrl_latitude_hi="0.0" ctrl_longitude_hi="0.0"/>
    </object>
    <object class="WED_FacadeNode" id="166" parent_id="160">
      <children/>
      <hierarchy name="Node 5" locked="0" hidden="0"/>
      <point latitude="45.742604895" longitude="8.568789556" split="0" ctrl_latitude_lo="0.0" ctrl_longitude_lo="0.0" ctrl_latitude_hi="0.0" ctrl_longitude_hi="0.0"/>
      <facade_node wall_type="Wall 1"/>
    </object>
    <object class="WED_SimpleBezierBoundaryNode" id="69" parent_id="60">
      <children/>
      <hierarchy name="Shape Point" locked="0" hidden="0"/>
      <point latitude="45.739911815" longitude="8.572589413" split="0" ctrl_latitude_lo="0.0" ctrl_longitude_lo="0.0" ctrl_latitude_hi="0.0" ctrl_longitude_hi="0.0"/>
    </object>
    <object class="WED_FacadeNode" id="165" parent_id="160">
      <children/>
      <hierarchy name="Node 4" locked="0" hidden="0"/>
      <point latitude="45.740129756" longitude="8.571024899" split="0" ctrl_latitude_lo="0.0" ctrl_longitude_lo="0.0" ctrl_latitude_hi="0.0" ctrl_longitude_hi="0.0"/>
      <facade_node wall_type="Wall 1"/>
    </object>
    <object class="WED_SimpleBezierBoundaryNode" id="68" parent_id="60">
      <children/>
      <hierarchy name="Shape Point" locked="0" hidden="0"/>
      <point latitude="45.739741990" longitude="8.572755842" split="0" ctrl_latitude_lo="-0.000006660" ctrl_longitude_lo="0.000004755" ctrl_latitude_hi="0.000006660" ctrl_longitude_hi="-0.000004755"/>
    </object>
    <object class="WED_FacadeNode" id="164" parent_id="160">
      <children/>
      <hierarchy name="Node 3" locked="0" hidden="0"/>
      <point latitude="45.740108825" longitude="8.571045940" split="0" ctrl_latitude_lo="0.0" ctrl_longitude_lo="0.0" ctrl_latitude_hi="0.0" ctrl_longitude_hi="0.0"/>
      <facade_node wall_type="Wall 1"/>
    </object>
    <object class="WED_SimpleBezierBoundaryNode" id="67" parent_id="60">
      <children/>
      <hierarchy name="Shape Point" locked="0" hidden="0"/>
      <point latitude="45.739555516" longitude="8.572927026" split="0" ctrl_latitude_lo="0.0" ctrl_longitude_lo="0.0" ctrl_latitude_hi="0.0" ctrl_longitude_hi="0.0"/>
    </object>
    <object class="WED_FacadeNode" id="163" parent_id="160">
      <children/>
      <hierarchy name="Node 2" locked="0" hidden="0"/>
      <point latitude="45.740368331" longitude="8.571632511" split="0" ctrl_latitude_lo="0.0" ctrl_longitude_lo="0.0" ctrl_latitude_hi="0.0" ctrl_longitude_hi="0.0"/>
      <facade_node wall_type="Wall 1"/>
    </object>
    <object class="WED_SimpleBezierBoundaryNode" id="66" parent_id="60">
      <children/>
      <hierarchy name="Shape Point" locked="0" hidden="0"/>
      <point latitude="45.739312433" longitude="8.573217086" split="0" ctrl_latitude_lo="0.0" ctrl_longitude_lo="0.0" ctrl_latitude_hi="0.0" ctrl_longitude_hi="0.0"/>
    </object>
    <object class="WED_FacadeNode" id="162" parent_id="160">
      <children/>
      <hierarchy name="Node 1" locked="0" hidden="0"/>
      <point latitude="45.740276249" longitude="8.571721588" split="0" ctrl_latitude_lo="0.0" ctrl_longitude_lo="0.0" ctrl_latitude_hi="0.0" ctrl_longitude_hi="0.0"/>
      <facade_node wall_type="Wall 1"/>
    </object>
    <object class="WED_SimpleBezierBoundaryNode" id="65" parent_id="60">
      <children/>
      <hierarchy name="Shape Point" locked="0" hidden="0"/>
      <point latitude="45.739049370" longitude="8.573497633" split="0" ctrl_latitude_lo="0.0" ctrl_longitude_lo="0.0" ctrl_latitude_hi="0.0" ctrl_longitude_hi="0.0"/>
    </object>
    <object class="WED_RunwayNode" id="159" parent_id="157">
      <children/>
      <hierarchy name="End" locked="0" hidden="0"/>
      <point latitude="45.737566995" longitude="8.572616636"/>
    </object>
    <object class="WED_SimpleBezierBoundaryNode" id="62" parent_id="60">
      <children/>
      <hierarchy name="Shape Point" locked="0" hidden="0"/>
      <point latitude="45.738457758" longitude="8.574334504" split="0" ctrl_latitude_lo="0.0" ctrl_longitude_lo="0.0" ctrl_latitude_hi="0.0" ctrl_longitude_hi="0.0"/>
    </object>
    <object class="WED_Runway" id="157" parent_id="5">
      <children>
        <child id="158"/>
        <child id="159"/>
      </children>
      <hierarchy name="14/32" locked="1" hidden="0"/>
      <line width="50.00"/>
      <runway surface="Concrete D Dirty" shoulder="None" shoulder_width="0.0" roughness="0.0" center_lites="1" edge_lites="HIRL" distance_signs="1" displaced1="0.0" blastpad1="0.0" markings1="Non-Precision (US)" app_lites1="MALSF" TDZL1="0" REIL1="None" displaced2="0.0" blastpad2="0.0" markings2="Non-Precision (US)" app_lites2="MALSF" TDZL2="0" REIL2="None"/>
    </object>
    <object class="WED_RoadEdge" id="60" parent_id="4">
      <sources>
        <source id="59"/>
        <source id="75"/>
      </sources>
      <children>
        <child id="61"/>
        <child id="62"/>
        <child id="63"/>
        <child id="64"/>
        <child id="65"/>
        <child id="66"/>
        <child id="67"/>
        <child id="68"/>
        <child id="69"/>
        <child id="70"/>
        <child id="71"/>
        <child id="72"/>
        <child id="73"/>
        <child id="74"/>
      </children>
      <hierarchy name="N" locked="0" hidden="0"/>
      <edge ctrl_latitude_lo="0.0" ctrl_longitude_lo="0.0" ctrl_latitude_hi="0.0" ctrl_longitude_hi="0.0"/>
      <road_edge resource="lib/g10/roads_EU.net" layer="0" end_layer="0" sub_type="59"/>
    </object>
    <object class="WED_FacadePlacement" id="161" parent_id="4">
      <children>
        <child id="160"/>
      </children>
      <hierarchy name="fence_Mesh_03.fac" locked="0" hidden="0"/>
      <facade_placement height="10" resource="lib/constructions/fencing/fence_Mesh_03.fac" pick_walls="1" show_level="1 Default"/>
    </object>
    <object class="WED_SimpleBezierBoundaryNode" id="64" parent_id="60">
      <children/>
      <hierarchy name="Shape Point" locked="0" hidden="0"/>
      <point latitude="45.738862894" longitude="8.573763914" split="0" ctrl_latitude_lo="0.0" ctrl_longitude_lo="0.0" ctrl_latitude_hi="0.0" ctrl_longitude_hi="0.0"/>
    </object>
    <object class="WED_RunwayNode" id="158" parent_id="157">
      <children/>
      <hierarchy name="Start" locked="0" hidden="0"/>
      <point latitude="45.743208364" longitude="8.567668857"/>
    </object>
    <object class="WED_SimpleBezierBoundaryNode" id="61" parent_id="60">
      <children/>
      <hierarchy name="Shape Point" locked="0" hidden="0"/>
      <point latitude="45.738173599" longitude="8.574591267" split="0" ctrl_latitude_lo="0.0" ctrl_longitude_lo="0.0" ctrl_latitude_hi="0.0" ctrl_longitude_hi="0.0"/>
    </object>
    <object class="WED_FacadeRing" id="160" parent_id="161">
      <children>
        <child id="162"/>
        <child id="163"/>
        <child id="164"/>
        <child id="165"/>
        <child id="166"/>
        <child id="167"/>
        <child id="168"/>
        <child id="169"/>
        <child id="170"/>
        <child id="171"/>
        <child id="172"/>
        <child id="173"/>
        <child id="174"/>
        <child id="175"/>
      </children>
      <hierarchy name="Facade 1 outer ring" locked="0" hidden="0"/>
    </object>
    <object class="WED_SimpleBezierBoundaryNode" id="63" parent_id="60">
      <children/>
      <hierarchy name="Shape Point" locked="0" hidden="0"/>
      <point latitude="45.738677533" longitude="8.574011172" split="0" ctrl_latitude_lo="0.0" ctrl_longitude_lo="0.0" ctrl_latitude_hi="0.0" ctrl_longitude_hi="0.0"/>
    </object>
    <object class="WED_RoadNode" id="59" parent_id="4">
      <viewers>
        <viewer id="60"/>
      </viewers>
      <children/>
      <hierarchy name="N_start" locked="0" hidden="0"/>
      <point latitude="45.737957153" longitude="8.574748174"/>
    </object>
    <object class="WED_SimpleBoundaryNode" id="156" parent_id="154">
      <children/>
      <hierarchy name="End" locked="0" hidden="0"/>
      <point latitude="45.743470095" longitude="8.568750944"/>
    </object>
    <object class="WED_ObjPlacement" id="58" parent_id="4">
      <children/>
      <hierarchy name="28m_bricks_2.agp" locked="0" hidden="0"/>
      <point latitude="45.740237234" longitude="8.571515031" heading="57.62"/>
      <obj_placement custom_msl="0" msl="0.0" resource="lib/airport/control_towers/large/28m_bricks_2.agp" show_level="1 Default"/>
    </object>
    <object class="WED_SimpleBoundaryNode" id="155" parent_id="154">
      <children/>
      <hierarchy name="Start" locked="0" hidden="0"/>
      <point latitude="45.741492144" longitude="8.567129355"/>
    </object>
    <object class="WED_RampPosition" id="56" parent_id="5">
      <children/>
      <hierarchy name="New Ramp Start 38" locked="0" hidden="0"/>
      <point latitude="45.739500428" longitude="8.572109643" heading="115.64"/>
      <ramp_start type="Tie-Down" traffic="8" width="A" ramp_op_type="General Aviation" airlines=""/>
    </object>
    <object class="WED_SimpleBoundaryNode" id="153" parent_id="151">
      <children/>
      <hierarchy name="End" locked="0" hidden="0"/>
      <point latitude="45.743258557" longitude="8.569934319"/>
    </object>
    <object class="WED_RampPosition" id="55" parent_id="5">
      <children/>
      <hierarchy name="New Ramp Start 37" locked="0" hidden="0"/>
      <point latitude="45.739729146" longitude="8.571844185" heading="108.49"/>
      <ramp_start type="Tie-Down" traffic="8" width="A" ramp_op_type="General Aviation" airlines=""/>
    </object>
    <object class="WED_SimpleBoundaryNode" id="152" parent_id="151">
      <children/>
      <hierarchy name="Start" locked="0" hidden="0"/>
      <point latitude="45.741352199" longitude="8.568456180"/>
    </object>
    <object class="WED_ExclusionZone" id="151" parent_id="4">
      <children>
        <child id="152"/>
        <child id="153"/>
      </children>
      <hierarchy name="Exclusion Zone 9" locked="1" hidden="0"/>
      <excluzions>
        <exclusion value="Forests"/>
      </excluzions>
    </object>
    <object class="WED_RampPosition" id="54" parent_id="5">
      <children/>
      <hierarchy name="New Ramp Start 36" locked="0" hidden="0"/>
      <point latitude="45.739975659" longitude="8.571560522" heading="120.55"/>
      <ramp_start type="Tie-Down" traffic="8" width="A" ramp_op_type="General Aviation" airlines=""/>
    </object>
    <object class="WED_RampPosition" id="53" parent_id="5">
      <children/>
      <hierarchy name="New Ramp Start 35" locked="0" hidden="0"/>
      <point latitude="45.739337256" longitude="8.571768156" heading="123.78"/>
      <ramp_start type="Tie-Down" traffic="8" width="A" ramp_op_type="General Aviation" airlines=""/>
    </object>
    <object class="WED_SimpleBoundaryNode" id="150" parent_id="148">
      <children/>
      <hierarchy name="End" locked="0" hidden="0"/>
      <point latitude="45.740775020" longitude="8.569843121"/>
    </object>
    <object class="WED_RampPosition" id="52" parent_id="5">
      <children/>
      <hierarchy name="New Ramp Start 34" locked="0" hidden="0"/>
      <point latitude="45.739606847" longitude="8.571498971" heading="112.69"/>
      <ramp_start type="Tie-Down" traffic="8" width="A" ramp_op_type="General Aviation" airlines=""/>
    </object>
    <object class="WED_SimpleBoundaryNode" id="149" parent_id="148">
      <children/>
      <hierarchy name="Start" locked="0" hidden="0"/>
      <point latitude="45.741699063" longitude="8.569070390"/>
    </object>
    <object class="WED_RampPosition" id="51" parent_id="5">
      <children/>
      <hierarchy name="New Ramp Start 33" locked="0" hidden="0"/>
      <point latitude="45.739842874" longitude="8.571291353" heading="119.43"/>
      <ramp_start type="Tie-Down" traffic="8" width="A" ramp_op_type="General Aviation" airlines=""/>
    </object>
    <object class="WED_ExclusionZone" id="148" parent_id="4">
      <children>
        <child id="149"/>
        <child id="150"/>
      </children>
      <hierarchy name="Exclusion Zone 8" locked="1" hidden="0"/>
      <excluzions>
        <exclusion value="Objects"/>
        <exclusion value="Facades"/>
        <exclusion value="Forests"/>
        <exclusion value="Road Networks"/>
      </excluzions>
    </object>
    <object class="WED_ExclusionZone" id="145" parent_id="4">
      <children>
        <child id="146"/>
        <child id="147"/>
      </children>
      <hierarchy name="Exclusion Zone 7" locked="1" hidden="0"/>
      <excluzions>
        <exclusion value="Objects"/>
        <exclusion value="Forests"/>
        <exclusion value="Road Networks"/>
      </excluzions>
    </object>
    <object class="WED_ObjPlacement" id="48" parent_id="5">
      <children/>
      <hierarchy name="GSE_generatorsmall.obj" locked="0" hidden="0"/>
      <point latitude="45.739482098" longitude="8.572115734" heading="45.10"/>
      <obj_placement custom_msl="0" msl="0.0" resource="CDB-Library/Airport/GSE/generator/GSE_generatorsmall.obj" show_level="1 Default"/>
    </object>
    <object class="WED_ObjPlacement" id="50" parent_id="5">
      <children/>
      <hierarchy name="GSE_generatorsmall.obj" locked="0" hidden="0"/>
      <point latitude="45.739307141" longitude="8.571772833" heading="0.0"/>
      <obj_placement custom_msl="0" msl="0.0" resource="CDB-Library/Airport/GSE/generator/GSE_generatorsmall.obj" show_level="1 Default"/>
    </object>
    <object class="WED_SimpleBoundaryNode" id="147" parent_id="145">
      <children/>
      <hierarchy name="End" locked="0" hidden="0"/>
      <point latitude="45.740541916" longitude="8.570322592"/>
    </object>
    <object class="WED_ObjPlacement" id="49" parent_id="5">
      <children/>
      <hierarchy name="GSE_generatorsmall.obj" locked="0" hidden="0"/>
      <point latitude="45.739707872" longitude="8.571853209" heading="90.00"/>
      <obj_placement custom_msl="0" msl="0.0" resource="CDB-Library/Airport/GSE/generator/GSE_generatorsmall.obj" show_level="1 Default"/>
    </object>
    <object class="WED_SimpleBoundaryNode" id="146" parent_id="145">
      <children/>
      <hierarchy name="Start" locked="0" hidden="0"/>
      <point latitude="45.741293925" longitude="8.569280409"/>
    </object>
    <object class="WED_SimpleBoundaryNode" id="144" parent_id="142">
      <children/>
      <hierarchy name="End" locked="0" hidden="0"/>
      <point latitude="45.740263558" longitude="8.571185570"/>
    </object>
    <object class="WED_ObjPlacement" id="47" parent_id="5">
      <children/>
      <hierarchy name="GSE_generatorsmall.obj" locked="0" hidden="0"/>
      <point latitude="45.739589588" longitude="8.571514580" heading="0.0"/>
      <obj_placement custom_msl="0" msl="0.0" resource="CDB-Library/Airport/GSE/generator/GSE_generatorsmall.obj" show_level="1 Default"/>
    </object>
    <object class="WED_SimpleBoundaryNode" id="143" parent_id="142">
      <children/>
      <hierarchy name="Start" locked="0" hidden="0"/>
      <point latitude="45.741338542" longitude="8.569453961"/>
    </object>
    <object class="WED_ObjPlacement" id="46" parent_id="5">
      <children/>
      <hierarchy name="GSE_generatorsmall.obj" locked="0" hidden="0"/>
      <point latitude="45.739824073" longitude="8.571298315" heading="0.0"/>
      <obj_placement custom_msl="0" msl="0.0" resource="CDB-Library/Airport/GSE/generator/GSE_generatorsmall.obj" show_level="1 Default"/>
    </object>
    <object class="WED_ExclusionZone" id="142" parent_id="4">
      <children>
        <child id="143"/>
        <child id="144"/>
      </children>
      <hierarchy name="Exclusion Zone 6" locked="1" hidden="0"/>
      <excluzions>
        <exclusion value="Objects"/>
        <exclusion value="Forests"/>
        <exclusion value="Road Networks"/>
      </excluzions>
    </object>
    <object class="WED_ObjPlacement" id="45" parent_id="5">
      <children/>
      <hierarchy name="GSE_generatorsmall.obj" locked="0" hidden="0"/>
      <point latitude="45.739950528" longitude="8.571555734" heading="0.0"/>
      <obj_placement custom_msl="0" msl="0.0" resource="CDB-Library/Airport/GSE/generator/GSE_generatorsmall.obj" show_level="1 Default"/>
    </object>
    <object class="WED_SimpleBoundaryNode" id="141" parent_id="139">
      <children/>
      <hierarchy name="End" locked="0" hidden="0"/>
      <point latitude="45.740379214" longitude="8.569617708"/>
    </object>
    <object class="WED_SimpleBoundaryNode" id="140" parent_id="139">
      <children/>
      <hierarchy name="Start" locked="0" hidden="0"/>
      <point latitude="45.740379214" longitude="8.569617708"/>
    </object>
    <object class="WED_ObjPlacement" id="42" parent_id="5">
      <children/>
      <hierarchy name="truck_mitsubish_fuso.obj" locked="0" hidden="0"/>
      <point latitude="45.739397535" longitude="8.572494290" heading="-102.81"/>
      <obj_placement custom_msl="0" msl="0.0" resource="CDB-Library/Airport/GSE/catering/truck_mitsubish_fuso.obj" show_level="1 Default"/>
    </object>
    <object class="WED_ExclusionZone" id="139" parent_id="4">
      <children>
        <child id="140"/>
        <child id="141"/>
      </children>
      <hierarchy name="Exclusion Zone 5" locked="1" hidden="0"/>
      <excluzions/>
    </object>
    <object class="WED_ObjPlacement" id="41" parent_id="5">
      <children/>
      <hierarchy name="GSE_catering.obj" locked="0" hidden="0"/>
      <point latitude="45.739358426" longitude="8.572517210" heading="-89.52"/>
      <obj_placement custom_msl="0" msl="0.0" resource="CDB-Library/Airport/GSE/catering/GSE_catering.obj" show_level="1 Default"/>
    </object>
    <object class="WED_SimpleBoundaryNode" id="138" parent_id="136">
      <children/>
      <hierarchy name="End" locked="0" hidden="0"/>
      <point latitude="45.741859551" longitude="8.572470421"/>
    </object>
    <object class="WED_ObjPlacement" id="40" parent_id="5">
      <children/>
      <hierarchy name="GSE_tugMT120.obj" locked="0" hidden="0"/>
      <point latitude="45.739213624" longitude="8.572129239" heading="-50.19"/>
      <obj_placement custom_msl="0" msl="0.0" resource="CDB-Library/Airport/GSE/bag_cart/GSE_tugMT120.obj" show_level="1 Default"/>
    </object>
    <object class="WED_SimpleBoundaryNode" id="137" parent_id="136">
      <children/>
      <hierarchy name="Start" locked="0" hidden="0"/>
      <point latitude="45.739581865" longitude="8.570033856"/>
    </object>
    <object class="WED_ObjPlacement" id="39" parent_id="4">
      <children/>
      <hierarchy name="GSE_baggagecart5.obj" locked="0" hidden="0"/>
      <point latitude="45.739927044" longitude="8.571453915" heading="274.25"/>
      <obj_placement custom_msl="0" msl="0.0" resource="CDB-Library/Airport/GSE/bag_cart/GSE_baggagecart5.obj" show_level="1 Default"/>
    </object>
    <object class="WED_ExclusionZone" id="136" parent_id="4">
      <children>
        <child id="137"/>
        <child id="138"/>
      </children>
      <hierarchy name="Exclusion Zone 4" locked="1" hidden="0"/>
      <excluzions>
        <exclusion value="Objects"/>
        <exclusion value="Facades"/>
        <exclusion value="Forests"/>
        <exclusion value="Road Networks"/>
      </excluzions>
    </object>
    <object class="WED_SimpleBoundaryNode" id="135" parent_id="133">
      <children/>
      <hierarchy name="End" locked="0" hidden="0"/>
      <point latitude="45.738329724" longitude="8.572878518"/>
    </object>
    <object class="WED_ObjPlacement" id="38" parent_id="4">
      <children/>
      <hierarchy name="GSE_bagcar_fiji4.obj" locked="0" hidden="0"/>
      <point latitude="45.739204307" longitude="8.572279068" heading="149.38"/>
      <obj_placement custom_msl="0" msl="0.0" resource="CDB-Library/Airport/GSE/bag_cart/GSE_bagcar_fiji4.obj" show_level="1 Default"/>
    </object>
    <object class="WED_ObjPlacement" id="37" parent_id="4">
      <children/>
      <hierarchy name="car_ambulance2.obj" locked="0" hidden="0"/>
      <point latitude="45.739913717" longitude="8.571960553" heading="235.44"/>
      <obj_placement custom_msl="0" msl="0.0" resource="CDB-Library/Airport/GSE/ambulance/car_ambulance2.obj" show_level="1 Default"/>
    </object>
    <object class="WED_SimpleBoundaryNode" id="134" parent_id="133">
      <children/>
      <hierarchy name="Start" locked="0" hidden="0"/>
      <point latitude="45.740573353" longitude="8.571018708"/>
    </object>
    <object class="WED_ObjPlacement" id="36" parent_id="4">
      <children/>
      <hierarchy name="car_ambulance1.obj" locked="0" hidden="0"/>
      <point latitude="45.739884692" longitude="8.571992792" heading="-129.53"/>
      <obj_placement custom_msl="0" msl="0.0" resource="CDB-Library/Airport/GSE/ambulance/car_ambulance1.obj" show_level="1 Default"/>
    </object>
    <object class="WED_ExclusionZone" id="133" parent_id="4">
      <children>
        <child id="134"/>
        <child id="135"/>
      </children>
      <hierarchy name="Exclusion Zone 3" locked="1" hidden="0"/>
      <excluzions>
        <exclusion value="Objects"/>
        <exclusion value="Forests"/>
        <exclusion value="Road Networks"/>
      </excluzions>
    </object>
    <object class="WED_SimpleBoundaryNode" id="129" parent_id="127">
      <children/>
      <hierarchy name="End" locked="0" hidden="0"/>
      <point latitude="45.739409831" longitude="8.573560165"/>
    </object>
    <object class="WED_ObjPlacement" id="32" parent_id="4">
      <children/>
      <hierarchy name="F550_fireEngine.obj" locked="0" hidden="0"/>
      <point latitude="45.739770820" longitude="8.572118325" heading="236.98"/>
      <obj_placement custom_msl="0" msl="0.0" resource="CDB-Library/Airport/fire_engine/yellow/F550_fireEngine.obj" show_level="1 Default"/>
    </object>
    <object class="WED_ObjPlacement" id="126" parent_id="4">
      <children/>
      <hierarchy name="cancello2_740m.obj" locked="0" hidden="0"/>
      <point latitude="45.740275952" longitude="8.571720858" heading="56.40"/>
      <obj_placement custom_msl="0" msl="0.0" resource="CDB-Library/Airport/cancelli/cancello2_740m.obj" show_level="1 Default"/>
    </object>
    <object class="WED_SimpleBoundaryNode" id="128" parent_id="127">
      <children/>
      <hierarchy name="Start" locked="0" hidden="0"/>
      <point latitude="45.737271161" longitude="8.571476954"/>
    </object>
    <object class="WED_ObjPlacement" id="31" parent_id="4">
      <children/>
      <hierarchy name="F550_fireEngine.obj" locked="0" hidden="0"/>
      <point latitude="45.739842039" longitude="8.572025707" heading="-127.28"/>
      <obj_placement custom_msl="0" msl="0.0" resource="CDB-Library/Airport/fire_engine/yellow/F550_fireEngine.obj" show_level="1 Default"/>
    </object>
    <object class="WED_ObjPlacement" id="19" parent_id="4">
      <children/>
      <hierarchy name="objects_baggage_trailer4.obj" locked="0" hidden="0"/>
      <point latitude="45.739227002" longitude="8.572355468" heading="-131.38"/>
      <obj_placement custom_msl="0" msl="0.0" resource="CDB-Library/Airport/boxes/objects_baggage_trailer4.obj" show_level="1 Default"/>
    </object>
    <object class="WED_Root" id="1" parent_id="0">
      <children>
        <child id="2"/>
        <child id="3"/>
        <child id="4"/>
      </children>
      <hierarchy name="root"/>
    </object>
    <object class="WED_Airport" id="5" parent_id="4">
      <children>
        <child id="157"/>
        <child id="56"/>
        <child id="55"/>
        <child id="54"/>
        <child id="53"/>
        <child id="52"/>
        <child id="51"/>
        <child id="50"/>
        <child id="49"/>
        <child id="48"/>
        <child id="47"/>
        <child id="46"/>
        <child id="45"/>
        <child id="42"/>
        <child id="41"/>
        <child id="40"/>
        <child id="10"/>
      </children>
      <hierarchy name="Arona Airfield" locked="0" hidden="0"/>
      <airport kind="Airport" elevation="0.0" has_atc="1" icao="AALM" always_flatten="0" drive_on_left="0" scenery_id="-1"/>
      <meta_data>
        <meta_data_entry pair="gui_label,3D"/>
      </meta_data>
    </object>
    <object class="WED_AirportNode" id="13" parent_id="9">
      <children/>
      <hierarchy name="Node 3" locked="0" hidden="0"/>
      <point latitude="45.740015166" longitude="8.570831755" split="0" ctrl_latitude_lo="0.0" ctrl_longitude_lo="0.0" ctrl_latitude_hi="0.0" ctrl_longitude_hi="0.0"/>
      <markings/>
    </object>
    <object class="WED_AirportNode" id="14" parent_id="9">
      <children/>
      <hierarchy name="Node 4" locked="0" hidden="0"/>
      <point latitude="45.738938747" longitude="8.571765822" split="0" ctrl_latitude_lo="0.0" ctrl_longitude_lo="0.0" ctrl_latitude_hi="0.0" ctrl_longitude_hi="0.0"/>
      <markings/>
    </object>
    <object class="WED_ObjPlacement" id="18" parent_id="4">
      <children/>
      <hierarchy name="GSE_air_loader_cont11.obj" locked="0" hidden="0"/>
      <point latitude="45.739282157" longitude="8.571763218" heading="-27.35"/>
      <obj_placement custom_msl="0" msl="0.0" resource="CDB-Library/Airport/boxes/GSE_air_loader_cont11.obj" show_level="1 Default"/>
    </object>
    <object class="WED_Select" id="2" parent_id="1">
      <children/>
      <hierarchy name="selection"/>
      <selection/>
    </object>
    <object class="WED_ObjPlacement" id="25" parent_id="4">
      <children/>
      <hierarchy name="objects_cone_biancoArancione_tripplo.obj" locked="0" hidden="0"/>
      <point latitude="45.739137701" longitude="8.572169543" heading="0.0"/>
      <obj_placement custom_msl="0" msl="0.0" resource="CDB-Library/Airport/cones/objects_cone_biancoArancione_tripplo.obj" show_level="1 Default"/>
    </object>
    <object class="WED_KeyObjects" id="3" parent_id="1">
      <children/>
      <hierarchy name="choices"/>
      <keys>
        <key name="airport" id="5"/>
      </keys>
    </object>
    <object class="WED_SimpleBezierBoundaryNode" id="73" parent_id="60">
      <children/>
      <hierarchy name="Shape Point" locked="0" hidden="0"/>
      <point latitude="45.740284760" longitude="8.571895155" split="0" ctrl_latitude_lo="0.0" ctrl_longitude_lo="0.0" ctrl_latitude_hi="0.0" ctrl_longitude_hi="0.0"/>
    </object>
    <object class="WED_ObjPlacement" id="26" parent_id="4">
      <children/>
      <hierarchy name="objects_cone_biancoArancione_tripplo.obj" locked="0" hidden="0"/>
      <point latitude="45.739142153" longitude="8.572184768" heading="0.0"/>
      <obj_placement custom_msl="0" msl="0.0" resource="CDB-Library/Airport/cones/objects_cone_biancoArancione_tripplo.obj" show_level="1 Default"/>
    </object>
    <object class="WED_ObjPlacement" id="27" parent_id="4">
      <children/>
      <hierarchy name="objects_cone_biancoArancione_tripplo.obj" locked="0" hidden="0"/>
      <point latitude="45.739143439" longitude="8.572156767" heading="0.0"/>
      <obj_placement custom_msl="0" msl="0.0" resource="CDB-Library/Airport/cones/objects_cone_biancoArancione_tripplo.obj" show_level="1 Default"/>
    </object>
    <object class="WED_SimpleBezierBoundaryNode" id="74" parent_id="60">
      <children/>
      <hierarchy name="Shape Point" locked="0" hidden="0"/>
      <point latitude="45.740268110" longitude="8.571795297" split="0" ctrl_latitude_lo="0.0" ctrl_longitude_lo="0.0" ctrl_latitude_hi="0.0" ctrl_longitude_hi="0.0"/>
    </object>
    <object class="WED_Group" id="4" parent_id="1">
      <children>
        <child id="176"/>
        <child id="154"/>
        <child id="151"/>
        <child id="145"/>
        <child id="142"/>
        <child id="148"/>
        <child id="139"/>
        <child id="136"/>
        <child id="133"/>
        <child id="127"/>
        <child id="126"/>
        <child id="78"/>
        <child id="77"/>
        <child id="60"/>
        <child id="76"/>
        <child id="75"/>
        <child id="59"/>
        <child id="58"/>
        <child id="33"/>
        <child id="39"/>
        <child id="38"/>
        <child id="37"/>
        <child id="36"/>
        <child id="35"/>
        <child id="34"/>
        <child id="32"/>
        <child id="31"/>
        <child id="27"/>
        <child id="26"/>
        <child id="25"/>
        <child id="19"/>
        <child id="18"/>
        <child id="17"/>
        <child id="16"/>
        <child id="15"/>
        <child id="5"/>
        <child id="161"/>
      </children>
      <hierarchy name="world" locked="0" hidden="0"/>
    </object>
    <object class="WED_ExclusionZone" id="127" parent_id="4">
      <children>
        <child id="128"/>
        <child id="129"/>
      </children>
      <hierarchy name="Exclusion Zone 1" locked="1" hidden="0"/>
      <excluzions>
        <exclusion value="Forests"/>
      </excluzions>
    </object>
    <object class="WED_ObjPlacement" id="33" parent_id="4">
      <children/>
      <hierarchy name="F550_fireEngine.obj" locked="0" hidden="0"/>
      <point latitude="45.739809139" longitude="8.572071661" heading="219.29"/>
      <obj_placement custom_msl="0" msl="0.0" resource="CDB-Library/Airport/fire_engine/yellow/F550_fireEngine.obj" show_level="1 Default"/>
    </object>
    <object class="WED_Taxiway" id="10" parent_id="5">
      <children>
        <child id="9"/>
      </children>
      <hierarchy name="New Taxiway 1" locked="1" hidden="0"/>
      <taxiway surface="Concrete D Dirty" roughness="0.0" heading="5.69"/>
    </object>
    <object class="WED_ExclusionZone" id="176" parent_id="4">
      <children>
        <child id="177"/>
        <child id="178"/>
      </children>
      <hierarchy name="Exclusion Zone 1" locked="1" hidden="0"/>
      <excluzions>
        <exclusion value="Objects"/>
        <exclusion value="Facades"/>
        <exclusion value="Forests"/>
        <exclusion value="Beaches"/>
        <exclusion value="Lines"/>
        <exclusion value="Draped Polygons"/>
        <exclusion value="String"/>
      </excluzions>
    </object>
    <object class="WED_ObjPlacement" id="35" parent_id="4">
      <children/>
      <hierarchy name="objects_trashbox_wire.obj" locked="0" hidden="0"/>
      <point latitude="45.739287642" longitude="8.572471231" heading="40.14"/>
      <obj_placement custom_msl="0" msl="0.0" resource="CDB-Library/Airport/garbage/objects_trashbox_wire.obj" show_level="1 Default"/>
    </object>
    <object class="WED_AirportNode" id="12" parent_id="9">
      <children/>
      <hierarchy name="Node 2" locked="0" hidden="0"/>
      <point latitude="45.740368497" longitude="8.571633064" split="0" ctrl_latitude_lo="0.0" ctrl_longitude_lo="0.0" ctrl_latitude_hi="0.0" ctrl_longitude_hi="0.0"/>
      <markings/>
    </object>
    <object class="WED_ObjPlacement" id="16" parent_id="4">
      <children/>
      <hierarchy name="objects_barrelJet_1.obj" locked="0" hidden="0"/>
      <point latitude="45.739255037" longitude="8.572771224" heading="0.0"/>
      <obj_placement custom_msl="0" msl="0.0" resource="CDB-Library/Airport/barrels/barrels_jet/objects_barrelJet_1.obj" show_level="1 Default"/>
    </object>
    <object class="WED_SimpleBoundaryNode" id="177" parent_id="176">
      <children/>
      <hierarchy name="Start" locked="0" hidden="0"/>
      <point latitude="45.743105613" longitude="8.567065487"/>
    </object>
    <object class="WED_AirportNode" id="11" parent_id="9">
      <children/>
      <hierarchy name="Node 1" locked="0" hidden="0"/>
      <point latitude="45.739321902" longitude="8.572611798" split="0" ctrl_latitude_lo="0.0" ctrl_longitude_lo="0.0" ctrl_latitude_hi="0.0" ctrl_longitude_hi="0.0"/>
      <markings/>
    </object>
    <object class="WED_ObjPlacement" id="34" parent_id="4">
      <children/>
      <hierarchy name="fire_truckYellow.obj" locked="0" hidden="0"/>
      <point latitude="45.739736002" longitude="8.572156908" heading="228.96"/>
      <obj_placement custom_msl="0" msl="0.0" resource="CDB-Library/Airport/fire_engine/yellow/fire_truckYellow.obj" show_level="1 Default"/>
    </object>
    <object class="WED_AirportChain" id="9" parent_id="10">
      <children>
        <child id="11"/>
        <child id="12"/>
        <child id="13"/>
        <child id="14"/>
      </children>
      <hierarchy name="Taxiway 1 Outer Ring" locked="0" hidden="0"/>
      <airport_chain closed="1"/>
    </object>
    <object class="WED_ObjPlacement" id="15" parent_id="4">
      <children/>
      <hierarchy name="antena24m_tin.obj" locked="0" hidden="0"/>
      <point latitude="45.740339206" longitude="8.571595594" heading="48.06"/>
      <obj_placement custom_msl="0" msl="0.0" resource="CDB-Library/Airport/antenas/antena24m_tin.obj" show_level="1 Default"/>
    </object>
    <object class="WED_ObjPlacement" id="17" parent_id="4">
      <children/>
      <hierarchy name="GSE_air_loader_cont11.obj" locked="0" hidden="0"/>
      <point latitude="45.739192175" longitude="8.572162375" heading="-48.72"/>
      <obj_placement custom_msl="0" msl="0.0" resource="CDB-Library/Airport/boxes/GSE_air_loader_cont11.obj" show_level="1 Default"/>
    </object>
    <object class="WED_SimpleBoundaryNode" id="178" parent_id="176">
      <children/>
      <hierarchy name="End" locked="0" hidden="0"/>
      <point latitude="45.743946789" longitude="8.568876871"/>
    </object>
  </objects>
  <prefs>
    <pref name="PropertyPane0/Closed"/>
    <pref name="doc/export_target" value="6"/>
    <pref name="doc/xml_compatibility" value="205"/>
    <pref name="map/east" value="8.571673"/>
    <pref name="map/navaid_map_vis" value="0"/>
    <pref name="map/north" value="45.745945"/>
    <pref name="map/obj_density" value="6"/>
    <pref name="map/pavement_alpha" value="2"/>
    <pref name="map/preview_vis" value="1"/>
    <pref name="map/real_lines_vis" value="1"/>
    <pref name="map/slippy_vis" value="1"/>
    <pref name="map/south" value="45.740826"/>
    <pref name="map/vertices_vis" value="1"/>
    <pref name="map/west" value="8.561817"/>
    <pref name="map/world_map_vis" value="1"/>
    <pref name="map_Airport Beacon_Kind" value="133"/>
    <pref name="map_Autogen_Autogen Height" value="10.000000"/>
    <pref name="map_Autogen_Resource" value=""/>
    <pref name="map_Boundary_.Markings" value=""/>
    <pref name="map_Boundary_Lights" value=""/>
    <pref name="map_Boundary_Markings" value=""/>
    <pref name="map_Exclusions_Exclusions" value=""/>
    <pref name="map_Facades_Height" value="10.000000"/>
    <pref name="map_Facades_Pick Walls" value="1"/>
    <pref name="map_Facades_Resource" value="lib/constructions/fencing/fence_Mesh_03.fac"/>
    <pref name="map_Forests_Density" value="0.000000"/>
    <pref name="map_Forests_Resource" value="CDB-Library/Flora_Fauna/files_FOR/palms_niuas10.for"/>
    <pref name="map_Helipad_Edge Lights" value="15"/>
    <pref name="map_Helipad_Markings" value="131"/>
    <pref name="map_Helipad_Roughness" value="0.000000"/>
    <pref name="map_Helipad_Shoulder" value="86"/>
    <pref name="map_Helipad_Surface" value="26"/>
    <pref name="map_Hole_.Markings" value=""/>
    <pref name="map_Hole_Lights" value=""/>
    <pref name="map_Hole_Markings" value=""/>
    <pref name="map_Light Fixture_Approach Angle" value="3.000000"/>
    <pref name="map_Light Fixture_Fixture Type" value="63"/>
    <pref name="map_Lines_Resource" value="lib/airport/lines/1_single_taxi.lin"/>
    <pref name="map_Objects_Object" value="lib/cars/car_or_truck.obj"/>
    <pref name="map_Objects_Show with" value="810"/>
    <pref name="map_Objects_max Heading" value="0.000000"/>
    <pref name="map_Objects_min Heading" value="0.000000"/>
    <pref name="map_Polygons_Heading" value="0.000000"/>
    <pref name="map_Polygons_Resource" value="CDB-Library/Airport/light/-pav_light.pol"/>
    <pref name="map_Polygons_Use Texture Map - Orthophoto" value="1"/>
    <pref name="map_Ramp Start_Airlines" value=""/>
    <pref name="map_Ramp Start_Equipment Type" value=""/>
    <pref name="map_Ramp Start_Ramp Operation Type" value="756"/>
    <pref name="map_Ramp Start_Ramp Start Type" value="203"/>
    <pref name="map_Ramp Start_Size" value="753"/>
    <pref name="map_Roads_Layer" value="0"/>
    <pref name="map_Roads_Name" value="N"/>
    <pref name="map_Roads_Resource" value="lib/g10/roads_EU.net"/>
    <pref name="map_Roads_Slop" value="10"/>
    <pref name="map_Roads_Type" value="100"/>
    <pref name="map_Runway_Appch" value="81"/>
    <pref name="map_Runway_Center" value="1"/>
    <pref name="map_Runway_Dist" value="1"/>
    <pref name="map_Runway_Edge" value="7"/>
    <pref name="map_Runway_Marks" value="119"/>
    <pref name="map_Runway_REIL" value="10"/>
    <pref name="map_Runway_Rough" value="0.000000"/>
    <pref name="map_Runway_Shoulder" value="86"/>
    <pref name="map_Runway_Surface" value="49"/>
    <pref name="map_Runway_TDZL" value="0"/>
    <pref name="map_Sealane_Buoys" value="1"/>
    <pref name="map_Sign_Size" value="18"/>
    <pref name="map_Sign_Style" value="24"/>
    <pref name="map_Sign_Text" value="{@L}A"/>
    <pref name="map_Strings_Resource" value="handyobjects/flags/union_jack_stand_flag.str"/>
    <pref name="map_Strings_Spacing" value="5.000000"/>
    <pref name="map_Taxi Routes_Allowed Vehicles" value="208"/>
    <pref name="map_Taxi Routes_Arrival" value=""/>
    <pref name="map_Taxi Routes_Departure" value=""/>
    <pref name="map_Taxi Routes_ILS" value=""/>
    <pref name="map_Taxi Routes_Name" value="N"/>
    <pref name="map_Taxi Routes_Oneway" value="1"/>
    <pref name="map_Taxi Routes_Runway" value="477"/>
    <pref name="map_Taxi Routes_Size" value="753"/>
    <pref name="map_Taxi Routes_Slop" value="10"/>
    <pref name="map_Taxilines_.Markings" value=""/>
    <pref name="map_Taxilines_Lights" value=""/>
    <pref name="map_Taxilines_Markings" value=""/>
    <pref name="map_Taxiway_.Markings" value=""/>
    <pref name="map_Taxiway_Heading" value="0.000000"/>
    <pref name="map_Taxiway_Lights" value=""/>
    <pref name="map_Taxiway_Markings" value=""/>
    <pref name="map_Taxiway_Pavement" value="26"/>
    <pref name="map_Taxiway_Roughness" value="0.000000"/>
    <pref name="map_Tower Viewpoint_Tower Height" value="15.000000"/>
    <pref name="map_Truck Destination_Truck Types" value=""/>
    <pref name="map_Truck Parking_." value="3"/>
    <pref name="map_Truck Parking_Truck Type" value="218"/>
    <pref name="map_Vertex_Snap To Vertices" value="0"/>
    <pref name="map_Windsock_Lit" value="0"/>
    <pref name="map_preview_window/camera_agl" value="138.108539"/>
    <pref name="map_preview_window/camera_lat" value="45.960450"/>
    <pref name="map_preview_window/camera_lon" value="8.705804"/>
    <pref name="map_preview_window/camera_pitch" value="-10.000000"/>
    <pref name="map_preview_window/camera_yaw" value="0.000000"/>
    <pref name="map_preview_window/height" value="768"/>
    <pref name="map_preview_window/visible" value="0"/>
    <pref name="map_preview_window/width" value="1024"/>
    <pref name="map_preview_window/x_loc" value="208"/>
    <pref name="map_preview_window/y_loc" value="826"/>
    <pref name="window/height" value="1119"/>
    <pref name="window/main_split" value="320"/>
    <pref name="window/main_split2" value="1856"/>
    <pref name="window/prev_split" value="657"/>
    <pref name="window/prop_split" value="741"/>
    <pref name="window/width" value="2240"/>
    <pref name="window/x_loc" value="3"/>
    <pref name="window/y_loc" value="1172"/>
  </prefs>
</doc>
